# Домашняя работа 11

Секционирование таблицы

____

### Подготовка окружения

Создадим машину (4cpu/8ram/10gb) в Яндекс Облаке, установим PostgreSQL 14 и добавим настройки для подключения. 
Шаги установки описаны в [домашней работе 1](/homework/hw1.md).

Далее скачали на машину БД [Demo small DB](https://www.postgrespro.ru/education/demodb).

Создадим БД из этого скрипта и переключимся в неё:
```shell
$ sudo su - postgres
-bash-4.2$ psql
```

```postgresql
postgres=# \i /tmp/demo.sql
```

### Секционирование таблицы
Определим самую большую таблицу, которую будем секционировать.



```postgresql
demo=# \dt
               List of relations
  Schema  |      Name       | Type  |  Owner   
----------+-----------------+-------+----------
 bookings | aircrafts_data  | table | postgres
 bookings | airports_data   | table | postgres
 bookings | boarding_passes | table | postgres
 bookings | bookings        | table | postgres
 bookings | flights         | table | postgres
 bookings | seats           | table | postgres
 bookings | ticket_flights  | table | postgres
 bookings | tickets         | table | postgres
```

Проверим размер и кол-во строк каждой таблицы:
```postgresql
demo=# SELECT pg_size_pretty( pg_relation_size( 'aircrafts_data' ) ), count(*) FROM bookings.aircrafts_data;
 pg_size_pretty | count 
----------------+-------
 8192 bytes     |     9
(1 row)

demo=# SELECT pg_size_pretty( pg_relation_size( 'airports_data' ) ), count(*) FROM bookings.airports_data;
 pg_size_pretty | count 
----------------+-------
 24 kB          |   104
(1 row)

demo=# SELECT pg_size_pretty( pg_relation_size( 'boarding_passes' ) ), count(*) FROM bookings.boarding_passes;
 pg_size_pretty | count  
----------------+--------
 33 MB          | 579686
(1 row)

demo=# SELECT pg_size_pretty( pg_relation_size( 'bookings' ) ), count(*) FROM bookings.bookings;
 pg_size_pretty | count  
----------------+--------
 13 MB          | 262788
(1 row)

demo=# SELECT pg_size_pretty( pg_relation_size( 'flights' ) ), count(*) FROM bookings.flights;
 pg_size_pretty | count 
----------------+-------
 3136 kB        | 33121
(1 row)

demo=# SELECT pg_size_pretty( pg_relation_size( 'seats' ) ), count(*) FROM bookings.seats;
 pg_size_pretty | count 
----------------+-------
 64 kB          |  1339
(1 row)

demo=# SELECT pg_size_pretty( pg_relation_size( 'ticket_flights' ) ), count(*) FROM bookings.ticket_flights;
 pg_size_pretty |  count  
----------------+---------
 68 MB          | 1045726
(1 row)

demo=# SELECT pg_size_pretty( pg_relation_size( 'tickets' ) ), count(*) FROM bookings.tickets;
 pg_size_pretty | count  
----------------+--------
 48 MB          | 366733
(1 row)
```

Для секционирования выберем самую большую таблицу - `ticket_flights`.

Посмотрим, какие значения есть в таблице `ticket_flights`:
```postgresql
demo=# select * from bookings.ticket_flights;
   ticket_no   | flight_id | fare_conditions |  amount   
---------------+-----------+-----------------+-----------
 0005432159776 |     30625 | Business        |  42100.00
 0005435212351 |     30625 | Business        |  42100.00
 0005435212386 |     30625 | Business        |  42100.00
 0005435212381 |     30625 | Business        |  42100.00
 0005432211370 |     30625 | Business        |  42100.00
 0005435212357 |     30625 | Comfort         |  23900.00
 0005435212360 |     30625 | Comfort         |  23900.00
 0005435212393 |     30625 | Comfort         |  23900.00
 0005435212374 |     30625 | Comfort         |  23900.00
 0005435212365 |     30625 | Comfort         |  23900.00
 0005435212378 |     30625 | Comfort         |  23900.00

```

В колонке fare_conditions есть конкретные повторяющиеся значения. 
Проверим, какие значения и сколько приходится строк на каждое из них:
```postgresql
demo=# select distinct(fare_conditions) from bookings.ticket_flights;
 fare_conditions 
-----------------
 Business
 Comfort
 Economy
(3 rows)

demo=# select count(*) from bookings.ticket_flights where fare_conditions='Business';
 count  
--------
 107642
(1 row)

demo=# select count(*) from bookings.ticket_flights where fare_conditions='Comfort';
 count 
-------
 17291
(1 row)

demo=# select count(*) from bookings.ticket_flights where fare_conditions='Economy';
 count  
--------
 920793
(1 row)
```

В данном случае можно сделать секционирование по списку.


Создадим партиционированные таблицы:
```postgresql

CREATE TABLE bookings.ticket_flights_new (
    ticket_no character(13) NOT NULL,
    flight_id integer NOT NULL,
    fare_conditions character varying(10) NOT NULL,
    amount numeric(10,2) NOT NULL,
    CONSTRAINT ticket_flights_amount_check CHECK ((amount >= (0)::numeric)),
    CONSTRAINT ticket_flights_fare_conditions_check CHECK (((fare_conditions)::text = ANY (ARRAY[('Economy'::character varying)::text, ('Comfort'::character varying)::text, ('Business'::character varying)::text])))
) PARTITION BY LIST(fare_conditions);


CREATE TABLE  bookings.ticket_flights_p0 PARTITION OF bookings.ticket_flights_new FOR VALUES IN ('Business');

CREATE TABLE  bookings.ticket_flights_p1 PARTITION OF bookings.ticket_flights_new FOR VALUES IN ('Comfort');

CREATE TABLE  bookings.ticket_flights_p2 PARTITION OF bookings.ticket_flights_new FOR VALUES IN ('Economy');
```

И заполним их данными из таблицы `ticket_flights`:
```postgresql
demo=# insert into bookings.ticket_flights_new (select * from bookings.ticket_flights);
INSERT 0 1045726
```

Убедимся, что в одной из созданных партициях нет других значений:
```postgresql
demo=# select distinct(fare_conditions) from bookings.ticket_flights_p2;
 fare_conditions 
-----------------
 Economy
(1 row)

demo=# select count(*) from bookings.ticket_flights_p2;
 count  
--------
 920793
(1 row)


demo=# select count(*) from bookings.ticket_flights_new;
  count  
---------
 1045726
(1 row)
```

Сделаем вставку в новую таблицу:
```postgresql
insert into bookings.ticket_flights_new values (2205432159776, 30625, 'Economy', 555500.00);
```

И проверим, что вставка значения прошла успешно:
```postgresql
demo=# select * from bookings.ticket_flights_new where ticket_no = '2205432159776';
   ticket_no   | flight_id | fare_conditions |  amount   
---------------+-----------+-----------------+-----------
 2205432159776 |     30625 | Economy         | 555500.00
(1 row)
       
demo=# select * from bookings.ticket_flights_p2 where ticket_no = '2205432159776';
   ticket_no   | flight_id | fare_conditions |  amount   
---------------+-----------+-----------------+-----------
 2205432159776 |     30625 | Economy         | 555500.00
(1 row)

demo=# select * from bookings.ticket_flights_p1 where ticket_no = '2205432159776';
 ticket_no | flight_id | fare_conditions | amount 
-----------+-----------+-----------------+--------
(0 rows)

demo=# select count(*) from bookings.ticket_flights_p2;
 count  
--------
 920794
(1 row)

demo=# select count(*) from bookings.ticket_flights_p1;
 count 
-------
 17291
(1 row)

demo=# select count(*) from bookings.ticket_flights_p0;
 count  
--------
 107642
(1 row)
```
_* Значение ticket_flights_p2 увеличилось на 1, в то время как другие партиционные таблицы не изменились._
